,0A,0C,0G,0T,1A,1C,1G,1T,2A,2C,2G,2T,3A,3C,3G,3T,4A,4C,4G,4T,5A,5C,5G,5T,6A,6C,6G,6T,7A,7C,7G,7T,8A,8C,8G,8T,9A,9C,9G,9T,10A,10C,10G,10T,11A,11C,11G,11T,12A,12C,12G,12T,13A,13C,13G,13T,14A,14C,14G,14T,15A,15C,15G,15T,16A,16C,16G,16T,17A,17C,17G,17T,18A,18C,18G,18T,19A,19C,19G,19T
ssc-xu,0.0,0.0,0.0,0.0,0.001582987674889708,-0.0011829002194536254,0.004826671653115006,-0.0069783515422263565,-0.000642281075718528,0.004137252531349168,-0.0002890306061684915,-0.00559301249742947,0.004066629153764974,0.0005117737999320676,0.0027425053512271143,-0.008224428850060835,-0.0035458535882667767,-0.0016908876095241088,0.0061886247664662145,-0.001762102581195995,0.0015481286258737148,-0.0026401638226394536,0.0029693879012537296,-0.0026695458913352688,0.0008427373966581551,0.0025382241345310464,0.0031467782888239346,-0.006997061363605239,-0.0013856385846637725,-0.0006376271663317124,0.006433597088608071,-0.006365955097039686,-0.006612026584341295,0.002368053989323284,0.007745346002121663,-0.006484595698616793,-0.002019404270293931,0.0007924829410148976,0.005161295263923106,-0.0047793827514281025,0.002617102760896735,-0.0022494911400058448,0.009393261036661788,-0.010859821930863123,0.0072493344606082985,-0.004040064370733016,0.0005029184428011581,-0.0031723455843002267,0.001063770837373133,-0.0019269031425893082,0.0079455207169942,-0.007402906203010033,0.0038489971090580406,-0.0007627129790444156,-0.003957178316905562,0.002915552208433318,0.008760708158902078,-0.0008513727635855006,-0.005139617438466077,-0.0004488527883892322,0.0036113560720000245,0.0070905837168623465,-0.009949931313472733,0.0,0.005806737817723569,-0.006275881030739377,0.004247480532136226,-0.002758600226333926,-0.0024466879825212717,0.0015644502893820494,0.0020696387457785222,-0.00295736964409816,0.00961398020643545,-0.0057558734695084155,0.0008756160399203267,-0.0037534079983240357,0.006083498810400759,-0.01349711970734517,0.00818702889799156,-0.0025334923899230422
ssc-doench,0.0,0.0,0.0,0.0,0.0014711844111166483,-0.001349957069938181,0.005825116039612338,-0.00517450328888313,-0.000562003974153986,0.005399376550903141,-0.00029894837721894797,-0.004682346045293387,0.004210670475117921,0.000529603540066025,0.0027883840675117498,-0.0074896808122461205,-0.003013030625769472,-0.00193482883801001,0.0071699836472979275,-0.0014385385138888371,0.0013872344436388052,-0.0027052591731805114,0.0034619255043739487,-0.0024393282078432068,0.0008411032605635879,0.0023485190780335747,0.003634794621471453,-0.006386467495181187,-0.0011479355380392899,-0.0006631634102664432,0.007674595331463595,-0.005937598859208874,-0.006600137159033868,0.002448589083439451,0.008396622973042793,-0.005714031025368745,-0.0017932832987040267,0.000764406903313815,0.006113121643038134,-0.004445276143315168,0.002151640370657865,-0.002754155586077192,0.0104749678893817,-0.009021374189594984,0.006185319739601945,-0.004112912312834689,0.000632156777991077,-0.0028668867007031694,0.0008654832058974823,-0.0019414038631055256,0.009227168797185503,-0.007319645070719734,0.003095449937128301,-0.0008002981522152329,-0.00495223910609742,0.0026034219195382167,0.00873323304945096,-0.0007856868431204712,-0.006365614634198746,-0.00038707701990865615,0.0029074898131880886,0.007184099174608164,-0.011752072025395974,1.2174035850082187e-07,0.00485591825788987,-0.006488610936119741,0.004500432791238433,-0.002897099781162838,-0.00225482605288916,0.0016667868313126827,0.0024050923235175306,-0.0025704135317812676,0.008181192744642933,-0.0064642109409244,0.0010152137902995427,-0.0030388154072577772,0.004849205472330763,-0.01391256752663275,0.010225271109957208,-0.0023094769129533145
tc-xu,0.0,0.0,0.010114823987823214,0.0,0.0,0.0,0.0,0.0,0.0,0.0,0.0,0.0,0.0,0.0,0.0,0.0,0.0,0.0,0.0,0.0,0.0,0.0,0.0,0.0,0.0,0.0,0.0,0.0015597910203568805,0.0,0.0004203964940166966,0.0,0.0,0.0,0.0,0.0,0.0,0.0,0.0,0.0,0.0,0.0,0.0,0.0,0.0,0.005686916228524581,0.0,0.0,0.0,0.0,0.0,0.0,-0.005674686858377924,0.0,0.0,0.0,0.0,0.0,0.0,0.0,0.0,0.0,0.0032676492517623727,0.0,-0.004306033250678614,0.0,0.0,0.0,0.0,0.0,0.0,0.0,-0.0055841692310786215,0.0,0.0,0.0,-0.012124138903789772,0.0,-0.0172025524117838,0.0162633515885165,-0.008005780455733554
tc-doench,0.0,0.0,0.010087761174237084,0.0,0.0,0.0,0.0,0.0,0.0,0.0,0.0,0.0,0.0,0.0,0.0,0.0,0.0,0.0,0.0,0.0,0.0,0.0,0.0,0.0,0.0,0.0,0.0,0.0022597651959438488,0.0,0.0004015872547048876,0.0,0.0,0.0,0.0,0.0,0.0,0.0,0.0,0.0,0.0,0.0,0.0,0.0,0.0,0.0038440234166217074,0.0,0.0,0.0,0.0,0.0,0.0,-0.005057364805040221,0.0,0.0,0.0,0.0,0.0,0.0,0.0,0.0,0.0,0.0026632396092031293,0.0,-0.0029526137452242805,0.0,0.0,0.0,0.0,0.0,0.0,0.0,-0.004806002329277232,0.0,0.0,0.0,-0.008933131907905994,0.0,-0.01815180692329165,0.017531167477935806,-0.003935813839832267
tr-xu,0.0,0.0,0.0,0.0,0.0,0.0,0.0,0.0,0.0,-0.013984570234165758,0.0,0.0,0.0,0.0,0.0,0.0,0.0,0.0,0.0,0.0,0.0,-0.003232991365114588,0.0,0.0,0.0,0.0,0.0,0.0,0.0,0.0,0.0,0.0,0.0,0.0,0.0,0.0,0.0,0.0,0.0,0.0,0.0,0.0,0.0,0.0,0.0,0.0,0.0,0.0,0.0,0.0,0.0,-0.009931122998569037,0.0,0.0,0.0,0.0,0.0,0.0,0.0,0.0,0.0,0.062312560962963205,0.0,0.005053079936971767,0.0,0.0,-0.009661578605381152,0.014776637113552862,0.0,0.0,0.02454575204430005,-0.0004731895428988381,0.0,0.0,0.0,0.0,0.0,-0.00414826820692613,0.3711414286001508,-0.011685566665909362
tr-doench,0.0,0.0,0.0,0.0,0.0,0.0,0.0,0.0,0.0,-0.022022194114308134,0.0,0.0,0.0,0.0,0.0,0.0,0.0,0.0,0.0,0.0,0.0,-0.006258186839803551,0.0,0.0,0.0,0.0,0.0,0.0,0.0,0.0,0.0,0.0,0.0,0.0,0.0,0.0,0.0,0.0,0.0,0.0,0.0,0.0,0.0,0.0,0.0,0.0,0.0,0.0,0.0,0.0,0.0,-0.008542481206306069,0.0,0.0,0.0,0.0,0.0,0.0,0.0,0.0,0.0,0.07190465985811999,0.0,0.006412386351684738,0.0,0.0,-0.012842688284540195,0.020849779510724576,0.0,0.0,0.025955168996664495,0.0001805798507506958,0.0,0.0,0.0,0.0,0.0,-0.005452475950183253,0.4485216221416884,-0.011940994944422524
s2-xu,0.001631672805417087,-0.02392995016170624,0.057400364412489274,-0.01424328420895452,0.014261309267899905,0.008925251814402626,0.011950348951444853,-0.03177342721779765,0.03156262051425857,-0.023837668337472098,-0.03362302318910346,0.04045642285117092,0.04769426583472121,-0.03188369941782634,0.0222213593495725,-0.03171846050558428,-0.010323260119446797,0.021366369285180476,0.04818018259698856,-0.041671640213123536,-0.03163694580604643,0.011990516913909366,0.02425548648978157,0.005244591321912988,-0.025324496497688948,0.08637255826171512,0.00867082948211202,-0.026281482160175555,0.01982933053119888,-0.005404885312752243,0.050156782500500076,-0.0427929845378237,0.02231836624968179,0.011523101034589176,-0.016735976299619492,-0.014102403130105946,0.023528363082780727,-0.001279943115702498,-0.0019445349936038836,-0.01585390007623508,0.05060053823745815,0.003568056147388447,-0.017304992045470778,-0.026163431331378842,0.0714742173647699,-0.003386256761227003,0.012558100781325835,-0.06115849680844833,0.05682227503981198,-0.007077096009438981,0.0066726483141717865,-0.03437389431608965,0.010599818133629134,0.03249583093830632,-0.04227184041870131,0.0033192028290239565,-0.0306993376493176,0.05478894708627282,0.007054017890434256,-0.015088794163462912,0.008017397485415825,0.05282134591825549,0.015480135299623457,-0.04741015859258414,0.012768380194745224,-0.004298963855144301,0.0597383746167659,-0.03500883647731378,-0.0072153055389973676,0.09086387376172121,0.032244726882170206,-0.08223863362033286,-0.049098723456103784,0.051104471333098284,0.11202529385518559,-0.03658785005392904,-0.0076380629850476,-0.039107933058615166,-0.32531905641150793,-0.1417711736837019
s2-doench,0.0015337176185036003,-0.030505393021931924,0.05340391279100609,-0.013175419757083175,0.013682725424427814,0.01000897665538718,0.013473276746920034,-0.02502097745138122,0.028218585604056993,-0.031107614403840352,-0.03379005640523646,0.03461678671806286,0.04946899602324074,-0.03250021652104266,0.022429237358561036,-0.03281922763538195,-0.008436619074120164,0.025418144157132026,0.057396785811648865,-0.03510710044629564,-0.028941652555800872,0.012101472899506424,0.028224522819058302,0.0054494791208734225,-0.026719406221426642,0.07840287953147843,0.009808586780224721,-0.024138758865652157,0.017590739210607425,-0.005624829344968949,0.06046126346294891,-0.04019803171427198,0.022178390666264414,0.012096875259045082,-0.018271035568913244,-0.012941701074846126,0.02031737857070478,-0.0008656341335780782,-0.0027876671671386633,-0.015232445562009235,0.04143885432326492,0.005226884119928898,-0.01913975087523709,-0.02263210418492339,0.0647423975714213,-0.0031566416833236468,0.015316468154622198,-0.05356321966386855,0.04762445997936114,-0.007038013530908952,0.00937031807454111,-0.034506231335454274,0.008368349143293164,0.035847094392573116,-0.0541406765037001,0.002902756111657862,-0.032330783091802415,0.050351961548762016,0.008521103699398751,-0.013048811898577213,0.006324018740175049,0.05694612137980488,0.018283153632585588,-0.043881151731345616,0.010618109270660644,-0.0039634595677009166,0.06335582308530024,-0.04080508462662157,-0.007215950598288395,0.10004450499117112,0.03527272403160355,-0.06985548568075742,-0.04237802222405073,0.05977181528378028,0.12735706458223642,-0.02957418206355771,-0.007229774242028829,-0.042651088037719144,-0.2521815069601827,-0.13681475228456355
wu-xu,0.0003526943413353451,-0.0038427086521660714,0.00376057118700085,0.0,0.00043171924095423964,0.0030569072324584325,-0.0011646920548117258,0.0,0.001118547735027085,-0.005941844680429921,0.00045228689737049403,0.0,0.00017008235055770404,-0.0032684351034179843,0.004658787732634267,0.0,-0.0019378237392358845,-0.0001455467476292413,-0.0003994232518192437,0.0,-8.715225676038738e-06,0.00017734559683965168,0.0026824295417482366,0.0,-0.0022929528430612493,-0.0011521132096554575,0.003448589078053013,0.0,0.0002074698740152034,-6.30333005502018e-05,-0.0005183062068464416,0.0,0.0007302009542609973,0.0003428581284012549,-0.0010370792132898508,0.0,0.0027281043273645446,0.003238465795053185,-0.003469949363343767,0.0,0.006342910979622495,-0.002058657704457292,0.001555411495680019,0.0,0.001260472289256563,0.00012621155363099412,-0.0019030656344078706,0.0,-0.0022184324753515804,0.004586403990638546,0.0009190570949303606,0.0,0.004978172915741413,-0.0007429594447560211,-0.01896344512656636,0.0,0.0071066680191199365,-0.0036892783273598817,0.0003002929558712926,0.0,0.004388355838823182,0.0009454146298658558,-0.0029583546436687813,0.0,0.0002943835701255757,0.006815865278213054,0.001732705144091239,0.0,-0.003043058563194025,0.014455523691032071,-0.00031650714630512453,0.0,-0.006241958386533173,0.0009096109252019995,0.015320759788594755,0.0,-0.0009611871076457657,-0.008311191855416636,0.017996422881224435,0.0
wu-doench,0.0003180383653386117,-0.004582422144743758,0.003296731909354197,0.0,0.00041167403488245923,0.003170119902251549,-0.0013078079722693154,0.0,0.0010283758585759716,-0.007538445288869038,0.0003472436676106288,0.0,0.00021501528930466642,-0.003202432688809115,0.004589697546190569,0.0,-0.001532678638679208,-0.00033067749403551755,-0.00043867479359464194,0.0,6.2356706469624775e-06,0.00015385721898550993,0.0032511061958354175,0.0,-0.0020704809144951753,-0.0011522731839196994,0.0037301691972376023,0.0,0.00020248487907988653,-0.0001685257418605847,-0.0007484398536928175,0.0,0.0007268174474729322,0.0006085089195888239,-0.0011470648486572052,0.0,0.0022921341766584525,0.003273781553279913,-0.004369348231962906,0.0,0.004944176700042181,-0.002135100141121225,0.0016430479892959114,0.0,0.0010452405459351174,0.00021855571245637647,-0.0023597666851897115,0.0,-0.0016578587431220692,0.0042799675461511946,0.001114667352246325,0.0,0.003925216839701744,-0.0008881191933365629,-0.022268894352515382,0.0,0.0072961258939859604,-0.003323303760781231,0.00011032054544096442,0.0,0.0035026599032218345,0.0008685341177557642,-0.0035611666534824766,0.0,0.000238136885107284,0.006898060148874644,0.0017226990850910436,0.0,-0.0024757978930440134,0.015658522182152107,-0.0004966497898758259,0.0,-0.005120136522223405,0.000839952100749298,0.017325643414062643,0.0,-0.0006683672150441879,-0.009267459648986228,0.020608526053670403,0.0
chop-x-xu,0.0,0.0,0.0,0.0,0.0,0.0,0.0,0.0,0.0,-0.02637703459195885,0.0,0.0,0.0,0.0,0.023764183033361776,0.0,0.005946268241231836,0.0,0.020206352887082918,0.0,0.0,0.0,0.02358950778272039,0.0,0.0,0.0,0.02239288830111203,-0.015533855315654372,0.0,0.0,0.0,0.0,0.004998804798973481,0.0,0.0,0.0,0.027171300164242965,0.0,0.0,0.0,0.007614427298545763,0.0,0.0,-0.04056982866723687,0.023311592543199398,0.0,0.0,0.0,0.0,0.0,0.0,0.0,0.0,0.0,-0.05645478043113794,0.01678147216766466,0.04719168518733947,0.0,0.0,0.0,0.029278775718562793,0.0,0.0,0.0,0.0,0.0,0.03219260508982048,-0.06990784509495278,0.0,0.06815617329341328,0.0,-0.03845796897946948,0.0,0.0,0.062230919991445685,-0.07208990514970089,0.0,-0.03974971692472214,0.08244817442514933,-0.045716203491018084
chop-x-doench,0.0,0.0,0.0,0.0,0.0,0.0,0.0,0.0,0.0,-0.03442261474606554,0.0,0.0,0.0,0.0,0.02416113195763158,0.0,0.005053071461162409,0.0,0.023411001260727992,0.0,0.0,0.0,0.027497741434546683,0.0,0.0,0.0,0.02587328655621939,-0.01417907278218354,0.0,0.0,0.0,0.0,0.004977904263986964,0.0,0.0,0.0,0.02412650857577415,0.0,0.0,0.0,0.00625902830418249,0.0,0.0,-0.03369966735423121,0.019889159686583474,0.0,0.0,0.0,0.0,0.0,0.0,0.0,0.0,0.0,-0.0706479264915813,0.014982377835958651,0.04704193523574115,0.0,0.0,0.0,0.023572575695817402,0.0,0.0,0.0,0.0,0.0,0.0341084235654537,-0.0734127850163501,0.0,0.07264044387832758,0.0,-0.03342942875556746,0.0,0.0,0.07216428282346493,-0.05836211552527019,0.0,-0.04097083020592742,0.10298012276317295,-0.041676374897338594
chop-d-xu,0.0,-0.04934051040160276,0.07323458287453921,0.0,0.008137538568411925,0.02256972691230798,0.0,0.0,0.0,-0.17176151887536992,-0.09749469582754271,0.0,0.0,0.0,0.0,0.0,0.0,0.0,0.0,0.0,0.0,0.0,0.0,0.0,0.0,0.0,0.0,0.0,-0.1243451314608022,0.0,0.0,0.0,0.0,0.0,0.0,0.0,0.0,0.0,0.0,0.0,0.021274651534588154,-0.002355184931050272,0.0,0.0,0.067860129953137,-0.03400583121876514,0.0,-0.07158536472991738,0.024009561591077536,0.0,-0.049948506693027715,0.0,0.0,-0.08158111611360087,-0.17858720403169612,0.0,0.05238399676105051,-0.1376328661853,0.0,0.0,0.0,0.0,-0.12239553750924476,-0.010968138497648008,0.0,0.0,0.11376130398867039,-0.01810770292556083,0.0,0.016422144213831986,0.0,-0.14017979272557207,0.0,0.0,0.0,-0.20998896924473462,0.0,-0.27648080687565857,0.0651477509528115,-0.08302499976471865
chop-d-doench,0.0,-0.06021719824390877,0.07018268087534632,0.0,0.006835060248108416,0.025863437159039576,0.0,0.0,0.0,-0.22411714268305394,-0.09905024034288867,0.0,0.0,0.0,0.0,0.0,0.0,0.0,0.0,0.0,0.0,0.0,0.0,0.0,0.0,0.0,0.0,0.0,-0.10297345499175953,0.0,0.0,0.0,0.0,0.0,0.0,0.0,0.0,0.0,0.0,0.0,0.017509330457586406,-0.002926408453517084,0.0,0.0,0.05791563401027704,-0.03459990717392071,0.0,-0.06471308937030457,0.0194986850743455,0.0,-0.05798185541309864,0.0,0.0,-0.08558419420888137,-0.22345592226637515,0.0,0.05222120662069696,-0.12679065495387473,0.0,0.0,0.0,0.0,-0.1445083292630345,-0.010279975593534583,0.0,0.0,0.12057291898029171,-0.01900175271856525,0.0,0.017187755104120638,0.0,-0.12182917569227801,0.0,0.0,0.0,-0.1699966766201074,0.0,-0.28498326859988377,0.08137845292822793,-0.07564332652500931
chop-m-xu,0.0,0.0,0.0,0.0,0.0,0.0,0.0,0.0,0.0,0.0005512387528312843,0.02841536873830292,0.0,0.0,0.0,0.020023442186839588,0.0,-0.004218428798113416,0.0,0.005794508669180859,0.0,0.002674529964496091,0.0,0.006453094326626474,0.0,0.003712302653889912,0.020788548555912584,0.01656938965808625,0.007748232290701837,-0.0049500853010417635,0.0,0.006538551821145976,0.0,-0.002466665802613105,0.0,0.01297691718637275,0.0,0.0,-0.006737459593878978,0.010347218089373346,0.0,0.0,0.0,0.004224287542472256,0.0,-0.00843103857600986,0.0,0.0035067293477197494,0.0,-0.0038525628369277787,0.0,0.005087305276143868,0.0,0.0,0.003548881571569565,0.0,0.0,0.0,0.009274935002687478,0.0,-0.017476477747391833,0.0072240751665299825,0.010409044780180279,0.02966105522155881,0.0026693778195542345,0.0,0.0,0.0,-3.1205473164794404e-05,0.008799906281228748,0.015344397735594963,0.022186299604706732,-0.0031913739130666904,0.0022084132215797825,-0.009141487069996996,0.0,0.0,0.0,0.0,0.00843038257939177,0.0
chop-m-doench,0.0,0.0,0.0,0.0,0.0,0.0,0.0,0.0,0.0,0.0007178202116232073,0.028864274799318204,0.0,0.0,0.0,0.020352264983650403,0.0,-0.003585989645239978,0.0,0.006711089196673949,0.0,0.0023929928022290744,0.0,0.007520672834459137,0.0,0.0037015552500708673,0.019230742867158052,0.019139155236851408,0.007071782412847733,-0.00410205168536149,0.0,0.007794370462180118,0.0,-0.002422460781401657,-2.594933731667548e-07,0.014064861867531343,0.0,0.0,-0.006470791710816525,0.012248327090648709,0.0,0.0,0.0,0.004707092225560712,0.0,-0.007194444579733981,0.0,0.00441509992192554,0.0,-0.0031261714968010045,0.0,0.005903706054445618,0.0,0.0,0.0037201036132983034,0.0,0.0,0.0,0.008540354615838687,0.0,-0.015020657700029793,0.00581428408458676,0.010548105098351815,0.03502441313670915,0.002502047572392003,0.0,0.0,0.0,-1.7515088141305663e-05,0.00810658440503557,0.01635114731386698,0.025765210294607245,-0.002732237449488019,0.0018761496527384145,-0.01026714400634052,0.0,0.0,0.0,0.0,0.010527416431709815,0.0
